[{"pk": 1, "model": "contenttypes.contenttype", "fields": {"model": "logentry", "name": "log entry", "app_label": "admin"}}, {"pk": 2, "model": "contenttypes.contenttype", "fields": {"model": "permission", "name": "permission", "app_label": "auth"}}, {"pk": 3, "model": "contenttypes.contenttype", "fields": {"model": "group", "name": "group", "app_label": "auth"}}, {"pk": 4, "model": "contenttypes.contenttype", "fields": {"model": "user", "name": "user", "app_label": "auth"}}, {"pk": 5, "model": "contenttypes.contenttype", "fields": {"model": "contenttype", "name": "content type", "app_label": "contenttypes"}}, {"pk": 6, "model": "contenttypes.contenttype", "fields": {"model": "session", "name": "session", "app_label": "sessions"}}, {"pk": 7, "model": "contenttypes.contenttype", "fields": {"model": "link", "name": "link", "app_label": "bookmarks"}}, {"pk": 8, "model": "contenttypes.contenttype", "fields": {"model": "bookmark", "name": "bookmark", "app_label": "bookmarks"}}, {"pk": 9, "model": "contenttypes.contenttype", "fields": {"model": "tag", "name": "tag", "app_label": "bookmarks"}}, {"pk": 10, "model": "contenttypes.contenttype", "fields": {"model": "sharedbookmark", "name": "shared bookmark", "app_label": "bookmarks"}}, {"pk": 11, "model": "contenttypes.contenttype", "fields": {"model": "comment", "name": "comment", "app_label": "comments"}}, {"pk": 12, "model": "contenttypes.contenttype", "fields": {"model": "commentflag", "name": "comment flag", "app_label": "comments"}}, {"pk": 13, "model": "contenttypes.contenttype", "fields": {"model": "site", "name": "site", "app_label": "sites"}}, {"pk": 14, "model": "contenttypes.contenttype", "fields": {"model": "friendship", "name": "friendship", "app_label": "bookmarks"}}, {"pk": "6qvi9zyzqnkaxde546xib6nirlo22ewb", "model": "sessions.session", "fields": {"expire_date": "2014-04-06T07:54:32.853Z", "session_data": "MDBiOWIwMzE1ZjMxZDc3MzRlOWE2NzMzNjFmY2MxYjI5MzdhMGFkNTp7Il9hdXRoX3VzZXJfYmFja2VuZCI6ImRqYW5nby5jb250cmliLmF1dGguYmFja2VuZHMuTW9kZWxCYWNrZW5kIiwiX2F1dGhfdXNlcl9pZCI6MX0="}}, {"pk": "7w8pnze3gyd5f2wmr03pxezrvu6davhs", "model": "sessions.session", "fields": {"expire_date": "2014-05-17T16:59:20.416Z", "session_data": "MDM1MGQ2N2MyMmU1ZDAxOGY2ZGJlN2RiZTIwMTE4MzZhMGRhZDcyODp7Il9hdXRoX3VzZXJfYmFja2VuZCI6ImRqYW5nby5jb250cmliLmF1dGguYmFja2VuZHMuTW9kZWxCYWNrZW5kIiwiX2F1dGhfdXNlcl9pZCI6Mn0="}}, {"pk": "8evmhcuur9o0wyi2wrk77j983d44ie0h", "model": "sessions.session", "fields": {"expire_date": "2014-04-07T23:41:29.107Z", "session_data": "MDBiOWIwMzE1ZjMxZDc3MzRlOWE2NzMzNjFmY2MxYjI5MzdhMGFkNTp7Il9hdXRoX3VzZXJfYmFja2VuZCI6ImRqYW5nby5jb250cmliLmF1dGguYmFja2VuZHMuTW9kZWxCYWNrZW5kIiwiX2F1dGhfdXNlcl9pZCI6MX0="}}, {"pk": "cpvfhprth4zedjlmwnisaom2x9ng693x", "model": "sessions.session", "fields": {"expire_date": "2014-05-18T03:30:54.660Z", "session_data": "MDBiOWIwMzE1ZjMxZDc3MzRlOWE2NzMzNjFmY2MxYjI5MzdhMGFkNTp7Il9hdXRoX3VzZXJfYmFja2VuZCI6ImRqYW5nby5jb250cmliLmF1dGguYmFja2VuZHMuTW9kZWxCYWNrZW5kIiwiX2F1dGhfdXNlcl9pZCI6MX0="}}, {"pk": "dtixm4vleo8vz51sdltcthq9hr86s2l8", "model": "sessions.session", "fields": {"expire_date": "2014-04-08T08:46:30.004Z", "session_data": "MDhhNzBiMTAwZDQyNTQ1ODRkZDFhZDM4MzQ5ZTk4OGM3NGQxODE4Mzp7fQ=="}}, {"pk": "k936iwc8oob2p70iutxbkplnseelylfp", "model": "sessions.session", "fields": {"expire_date": "2014-04-09T00:07:41.649Z", "session_data": "MDBiOWIwMzE1ZjMxZDc3MzRlOWE2NzMzNjFmY2MxYjI5MzdhMGFkNTp7Il9hdXRoX3VzZXJfYmFja2VuZCI6ImRqYW5nby5jb250cmliLmF1dGguYmFja2VuZHMuTW9kZWxCYWNrZW5kIiwiX2F1dGhfdXNlcl9pZCI6MX0="}}, {"pk": "lpuay6nixhoadxjvgojype6nvtzmax71", "model": "sessions.session", "fields": {"expire_date": "2014-04-08T16:47:55.949Z", "session_data": "MDBiOWIwMzE1ZjMxZDc3MzRlOWE2NzMzNjFmY2MxYjI5MzdhMGFkNTp7Il9hdXRoX3VzZXJfYmFja2VuZCI6ImRqYW5nby5jb250cmliLmF1dGguYmFja2VuZHMuTW9kZWxCYWNrZW5kIiwiX2F1dGhfdXNlcl9pZCI6MX0="}}, {"pk": "pzelney9jmkr0i5k16m3jpwfciodlxxq", "model": "sessions.session", "fields": {"expire_date": "2014-04-25T09:00:12.369Z", "session_data": "ZGNlNzk5NTY5YzQzZTA2YzkyNDI1YTFhZjBlNzhmNDdiMjIxMTU4NDp7Il9hdXRoX3VzZXJfYmFja2VuZCI6ImRqYW5nby5jb250cmliLmF1dGguYmFja2VuZHMuTW9kZWxCYWNrZW5kIiwiX2F1dGhfdXNlcl9pZCI6NX0="}}, {"pk": "r4eumru64nxivb5dtmt9okogxdd4mzco", "model": "sessions.session", "fields": {"expire_date": "2014-04-08T07:04:35.081Z", "session_data": "MDhhNzBiMTAwZDQyNTQ1ODRkZDFhZDM4MzQ5ZTk4OGM3NGQxODE4Mzp7fQ=="}}, {"pk": "tced8l7rmh0wqpt2hhc60ictmaqp5e9k", "model": "sessions.session", "fields": {"expire_date": "2014-05-12T04:40:21.021Z", "session_data": "MDM1MGQ2N2MyMmU1ZDAxOGY2ZGJlN2RiZTIwMTE4MzZhMGRhZDcyODp7Il9hdXRoX3VzZXJfYmFja2VuZCI6ImRqYW5nby5jb250cmliLmF1dGguYmFja2VuZHMuTW9kZWxCYWNrZW5kIiwiX2F1dGhfdXNlcl9pZCI6Mn0="}}, {"pk": "uw8dd22m7wvbxdj41r8xyywapaz1wxgy", "model": "sessions.session", "fields": {"expire_date": "2014-04-09T16:09:15.466Z", "session_data": "MDBiOWIwMzE1ZjMxZDc3MzRlOWE2NzMzNjFmY2MxYjI5MzdhMGFkNTp7Il9hdXRoX3VzZXJfYmFja2VuZCI6ImRqYW5nby5jb250cmliLmF1dGguYmFja2VuZHMuTW9kZWxCYWNrZW5kIiwiX2F1dGhfdXNlcl9pZCI6MX0="}}, {"pk": "xvzpdibk78mnq0gtk5955lb613kdjlj8", "model": "sessions.session", "fields": {"expire_date": "2014-04-09T10:21:21.364Z", "session_data": "MDBiOWIwMzE1ZjMxZDc3MzRlOWE2NzMzNjFmY2MxYjI5MzdhMGFkNTp7Il9hdXRoX3VzZXJfYmFja2VuZCI6ImRqYW5nby5jb250cmliLmF1dGguYmFja2VuZHMuTW9kZWxCYWNrZW5kIiwiX2F1dGhfdXNlcl9pZCI6MX0="}}, {"pk": "ygpzvnbcsewj6dq3tr4wfl159dv1ptu8", "model": "sessions.session", "fields": {"expire_date": "2014-05-14T03:02:19.406Z", "session_data": "MDBiOWIwMzE1ZjMxZDc3MzRlOWE2NzMzNjFmY2MxYjI5MzdhMGFkNTp7Il9hdXRoX3VzZXJfYmFja2VuZCI6ImRqYW5nby5jb250cmliLmF1dGguYmFja2VuZHMuTW9kZWxCYWNrZW5kIiwiX2F1dGhfdXNlcl9pZCI6MX0="}}, {"pk": "yhrcq1i9yzre6iuvgtye1ttae7kucl3z", "model": "sessions.session", "fields": {"expire_date": "2014-05-17T03:42:26.802Z", "session_data": "MDBiOWIwMzE1ZjMxZDc3MzRlOWE2NzMzNjFmY2MxYjI5MzdhMGFkNTp7Il9hdXRoX3VzZXJfYmFja2VuZCI6ImRqYW5nby5jb250cmliLmF1dGguYmFja2VuZHMuTW9kZWxCYWNrZW5kIiwiX2F1dGhfdXNlcl9pZCI6MX0="}}, {"pk": 1, "model": "sites.site", "fields": {"domain": "example.com", "name": "example.com"}}, {"pk": 1, "model": "bookmarks.link", "fields": {"url": "http://www.google.com/"}}, {"pk": 2, "model": "bookmarks.link", "fields": {"url": "http://www.facebook.com/"}}, {"pk": 3, "model": "bookmarks.link", "fields": {"url": "http://www.gmail.com/"}}, {"pk": 4, "model": "bookmarks.link", "fields": {"url": "http://mail.naver.com/"}}, {"pk": 5, "model": "bookmarks.link", "fields": {"url": "http://blog.naver.com/joyrde"}}, {"pk": 6, "model": "bookmarks.link", "fields": {"url": "http://blog.naver.com/sogo"}}, {"pk": 7, "model": "bookmarks.link", "fields": {"url": "http://joyrde.com/"}}, {"pk": 8, "model": "bookmarks.link", "fields": {"url": "http://apple.com/"}}, {"pk": 9, "model": "bookmarks.link", "fields": {"url": "http://gmail.com/"}}, {"pk": 10, "model": "bookmarks.link", "fields": {"url": "http://saint.sogang.ac.kr/"}}, {"pk": 11, "model": "bookmarks.link", "fields": {"url": "http://www.lagmonster.org/docs/vi2.html"}}, {"pk": 12, "model": "bookmarks.link", "fields": {"url": "http://127.0.0.1:8000/"}}, {"pk": 13, "model": "bookmarks.link", "fields": {"url": "http://justcramer.com/2009/07/02/pagination-in-django/"}}, {"pk": 14, "model": "bookmarks.link", "fields": {"url": "https://github.com/dcramer/django-paging/commit/d6e67d60a9aa7ff26c3821537a5ab946505fe9af"}}, {"pk": 15, "model": "bookmarks.link", "fields": {"url": "http://stackoverflow.com/questions/5709468/django-pagination-display-issue-all-the-page-numbers-show-up"}}, {"pk": 16, "model": "bookmarks.link", "fields": {"url": "http://www.slrclub.com/"}}, {"pk": 17, "model": "bookmarks.link", "fields": {"url": "http://8tracks.com/search/midtempo/results"}}, {"pk": 1, "model": "bookmarks.tag", "fields": {"bookmarks": [1], "name": "\ucc45"}}, {"pk": 2, "model": "bookmarks.tag", "fields": {"bookmarks": [1], "name": "\ucd9c\ud310\uc0ac"}}, {"pk": 3, "model": "bookmarks.tag", "fields": {"bookmarks": [2], "name": "\uc18c\uc15c\ub124\ud2b8\uc6cc\ud06c"}}, {"pk": 4, "model": "bookmarks.tag", "fields": {"bookmarks": [3, 4], "name": "\uba54\uc77c"}}, {"pk": 5, "model": "bookmarks.tag", "fields": {"bookmarks": [5, 6, 7], "name": "\ube14\ub85c\uadf8"}}, {"pk": 6, "model": "bookmarks.tag", "fields": {"bookmarks": [8], "name": "\uae30\uc5c5"}}, {"pk": 7, "model": "bookmarks.tag", "fields": {"bookmarks": [9], "name": "\uad6c\uae00"}}, {"pk": 8, "model": "bookmarks.tag", "fields": {"bookmarks": [10], "name": "\ud559\uad50"}}, {"pk": 9, "model": "bookmarks.tag", "fields": {"bookmarks": [11], "name": "VI"}}, {"pk": 10, "model": "bookmarks.tag", "fields": {"bookmarks": [12], "name": "\ubd81\ub9c8\ud06c"}}, {"pk": 11, "model": "bookmarks.tag", "fields": {"bookmarks": [13], "name": "\ud398\uc774\uc9c0"}}, {"pk": 12, "model": "bookmarks.tag", "fields": {"bookmarks": [14], "name": "\uc774\uc288"}}, {"pk": 13, "model": "bookmarks.tag", "fields": {"bookmarks": [14], "name": "\uc81c\uac70"}}, {"pk": 14, "model": "bookmarks.tag", "fields": {"bookmarks": [15], "name": "\uc2a4\ud0dd\uc624\ubc84\ud50c\ub85c\uc6b0"}}, {"pk": 15, "model": "bookmarks.tag", "fields": {"bookmarks": [16], "name": "\ud074\ub7fd"}}, {"pk": 16, "model": "bookmarks.tag", "fields": {"bookmarks": [17], "name": "\uc74c\uc545"}}, {"pk": 1, "model": "auth.permission", "fields": {"codename": "add_logentry", "name": "Can add log entry", "content_type": 1}}, {"pk": 2, "model": "auth.permission", "fields": {"codename": "change_logentry", "name": "Can change log entry", "content_type": 1}}, {"pk": 3, "model": "auth.permission", "fields": {"codename": "delete_logentry", "name": "Can delete log entry", "content_type": 1}}, {"pk": 4, "model": "auth.permission", "fields": {"codename": "add_permission", "name": "Can add permission", "content_type": 2}}, {"pk": 5, "model": "auth.permission", "fields": {"codename": "change_permission", "name": "Can change permission", "content_type": 2}}, {"pk": 6, "model": "auth.permission", "fields": {"codename": "delete_permission", "name": "Can delete permission", "content_type": 2}}, {"pk": 7, "model": "auth.permission", "fields": {"codename": "add_group", "name": "Can add group", "content_type": 3}}, {"pk": 8, "model": "auth.permission", "fields": {"codename": "change_group", "name": "Can change group", "content_type": 3}}, {"pk": 9, "model": "auth.permission", "fields": {"codename": "delete_group", "name": "Can delete group", "content_type": 3}}, {"pk": 10, "model": "auth.permission", "fields": {"codename": "add_user", "name": "Can add user", "content_type": 4}}, {"pk": 11, "model": "auth.permission", "fields": {"codename": "change_user", "name": "Can change user", "content_type": 4}}, {"pk": 12, "model": "auth.permission", "fields": {"codename": "delete_user", "name": "Can delete user", "content_type": 4}}, {"pk": 13, "model": "auth.permission", "fields": {"codename": "add_contenttype", "name": "Can add content type", "content_type": 5}}, {"pk": 14, "model": "auth.permission", "fields": {"codename": "change_contenttype", "name": "Can change content type", "content_type": 5}}, {"pk": 15, "model": "auth.permission", "fields": {"codename": "delete_contenttype", "name": "Can delete content type", "content_type": 5}}, {"pk": 16, "model": "auth.permission", "fields": {"codename": "add_session", "name": "Can add session", "content_type": 6}}, {"pk": 17, "model": "auth.permission", "fields": {"codename": "change_session", "name": "Can change session", "content_type": 6}}, {"pk": 18, "model": "auth.permission", "fields": {"codename": "delete_session", "name": "Can delete session", "content_type": 6}}, {"pk": 19, "model": "auth.permission", "fields": {"codename": "add_link", "name": "Can add link", "content_type": 7}}, {"pk": 20, "model": "auth.permission", "fields": {"codename": "change_link", "name": "Can change link", "content_type": 7}}, {"pk": 21, "model": "auth.permission", "fields": {"codename": "delete_link", "name": "Can delete link", "content_type": 7}}, {"pk": 22, "model": "auth.permission", "fields": {"codename": "add_bookmark", "name": "Can add bookmark", "content_type": 8}}, {"pk": 23, "model": "auth.permission", "fields": {"codename": "change_bookmark", "name": "Can change bookmark", "content_type": 8}}, {"pk": 24, "model": "auth.permission", "fields": {"codename": "delete_bookmark", "name": "Can delete bookmark", "content_type": 8}}, {"pk": 25, "model": "auth.permission", "fields": {"codename": "add_tag", "name": "Can add tag", "content_type": 9}}, {"pk": 26, "model": "auth.permission", "fields": {"codename": "change_tag", "name": "Can change tag", "content_type": 9}}, {"pk": 27, "model": "auth.permission", "fields": {"codename": "delete_tag", "name": "Can delete tag", "content_type": 9}}, {"pk": 28, "model": "auth.permission", "fields": {"codename": "add_sharedbookmark", "name": "Can add shared bookmark", "content_type": 10}}, {"pk": 29, "model": "auth.permission", "fields": {"codename": "change_sharedbookmark", "name": "Can change shared bookmark", "content_type": 10}}, {"pk": 30, "model": "auth.permission", "fields": {"codename": "delete_sharedbookmark", "name": "Can delete shared bookmark", "content_type": 10}}, {"pk": 31, "model": "auth.permission", "fields": {"codename": "add_comment", "name": "Can add comment", "content_type": 11}}, {"pk": 32, "model": "auth.permission", "fields": {"codename": "change_comment", "name": "Can change comment", "content_type": 11}}, {"pk": 33, "model": "auth.permission", "fields": {"codename": "delete_comment", "name": "Can delete comment", "content_type": 11}}, {"pk": 34, "model": "auth.permission", "fields": {"codename": "can_moderate", "name": "Can moderate comments", "content_type": 11}}, {"pk": 35, "model": "auth.permission", "fields": {"codename": "add_commentflag", "name": "Can add comment flag", "content_type": 12}}, {"pk": 36, "model": "auth.permission", "fields": {"codename": "change_commentflag", "name": "Can change comment flag", "content_type": 12}}, {"pk": 37, "model": "auth.permission", "fields": {"codename": "delete_commentflag", "name": "Can delete comment flag", "content_type": 12}}, {"pk": 38, "model": "auth.permission", "fields": {"codename": "add_site", "name": "Can add site", "content_type": 13}}, {"pk": 39, "model": "auth.permission", "fields": {"codename": "change_site", "name": "Can change site", "content_type": 13}}, {"pk": 40, "model": "auth.permission", "fields": {"codename": "delete_site", "name": "Can delete site", "content_type": 13}}, {"pk": 41, "model": "auth.permission", "fields": {"codename": "add_friendship", "name": "Can add friendship", "content_type": 14}}, {"pk": 42, "model": "auth.permission", "fields": {"codename": "change_friendship", "name": "Can change friendship", "content_type": 14}}, {"pk": 43, "model": "auth.permission", "fields": {"codename": "delete_friendship", "name": "Can delete friendship", "content_type": 14}}, {"pk": 1, "model": "auth.user", "fields": {"username": "sogosonnet", "first_name": "", "last_name": "", "is_active": true, "is_superuser": true, "is_staff": true, "last_login": "2014-05-04T03:30:54.657Z", "groups": [], "user_permissions": [], "password": "pbkdf2_sha256$12000$McFCWkXfQ1lW$5ttLWmB8uGJW027cTfia28duBkE2fzh6xMzo+Fg3Ya8=", "email": "sogosonnet@gmail.com", "date_joined": "2014-03-20T13:21:20.500Z"}}, {"pk": 2, "model": "auth.user", "fields": {"username": "test", "first_name": "", "last_name": "", "is_active": true, "is_superuser": false, "is_staff": false, "last_login": "2014-05-03T16:59:20.413Z", "groups": [], "user_permissions": [], "password": "pbkdf2_sha256$12000$FXw1mCuCzgcc$1kcmvCY1miWK04F9sQQ1vRSQFoOlV7aRaw5T6EoMXUE=", "email": "test@example.com", "date_joined": "2014-03-25T07:03:36.287Z"}}, {"pk": 3, "model": "auth.user", "fields": {"username": "test1", "first_name": "", "last_name": "", "is_active": true, "is_superuser": false, "is_staff": false, "last_login": "2014-03-26T00:07:12.253Z", "groups": [], "user_permissions": [], "password": "pbkdf2_sha256$12000$8IupBbATQcNu$+2co3APj34T8Q+MibOjBev0bamTS1udhEXurOXcP4BY=", "email": "test1@example.com", "date_joined": "2014-03-25T07:04:25.081Z"}}, {"pk": 4, "model": "auth.user", "fields": {"username": "test3", "first_name": "", "last_name": "", "is_active": true, "is_superuser": false, "is_staff": false, "last_login": "2014-03-25T08:46:27.713Z", "groups": [], "user_permissions": [], "password": "pbkdf2_sha256$12000$uDJ3K1EtCDMj$UmlnD2CNekK3c1etiFBIznfV3bXs8TFhop2bBHlVE94=", "email": "test3@example.com", "date_joined": "2014-03-25T08:46:22.390Z"}}, {"pk": 5, "model": "auth.user", "fields": {"username": "user2", "first_name": "", "last_name": "", "is_active": true, "is_superuser": false, "is_staff": false, "last_login": "2014-04-11T09:00:12.366Z", "groups": [], "user_permissions": [], "password": "pbkdf2_sha256$12000$30YxHGOpaTtv$AwMBDC3CZPsZQquKdpi80Db8erOXIMbKp1vz2yuGY5M=", "email": "user2@mail.com", "date_joined": "2014-04-11T09:00:06.151Z"}}, {"pk": 6, "model": "auth.user", "fields": {"username": "test2", "first_name": "", "last_name": "", "is_active": true, "is_superuser": false, "is_staff": false, "last_login": "2014-04-28T05:40:44.086Z", "groups": [], "user_permissions": [], "password": "pbkdf2_sha256$12000$ViNyH9JMIFUl$NU7corkuwk51cWoH17lCuSWVIlvvHulz6BGGig8gZKQ=", "email": "test2@test.com", "date_joined": "2014-04-28T05:40:38.735Z"}}, {"pk": 1, "model": "comments.comment", "fields": {"comment": "I hate it!", "user_url": "", "submit_date": "2014-04-30T02:35:09.988Z", "ip_address": "127.0.0.1", "object_pk": "1", "site": 1, "is_removed": false, "user": 2, "content_type": 10, "is_public": true, "user_name": "test", "user_email": "test@test.com"}}, {"pk": 1, "model": "bookmarks.bookmark", "fields": {"link": 1, "user": 1, "title": "Packet Publishing"}}, {"pk": 2, "model": "bookmarks.bookmark", "fields": {"link": 2, "user": 1, "title": "\ud398\uc774\uc2a4\ubd81"}}, {"pk": 3, "model": "bookmarks.bookmark", "fields": {"link": 3, "user": 1, "title": "\uad6c\uae00\uba54\uc77c"}}, {"pk": 4, "model": "bookmarks.bookmark", "fields": {"link": 4, "user": 1, "title": "\ub124\uc774\ubc84\uba54\uc77c"}}, {"pk": 5, "model": "bookmarks.bookmark", "fields": {"link": 5, "user": 5, "title": "\uc870\uc774\ub77c\uc774\ub4dc"}}, {"pk": 6, "model": "bookmarks.bookmark", "fields": {"link": 6, "user": 5, "title": "\uc18c\uace0"}}, {"pk": 7, "model": "bookmarks.bookmark", "fields": {"link": 7, "user": 2, "title": "\uc870\uc774\ub77c\uc774\ub4dc"}}, {"pk": 8, "model": "bookmarks.bookmark", "fields": {"link": 8, "user": 2, "title": "\uc560\ud50c"}}, {"pk": 9, "model": "bookmarks.bookmark", "fields": {"link": 9, "user": 2, "title": "\uad6c\uae00\uba54\uc77c"}}, {"pk": 10, "model": "bookmarks.bookmark", "fields": {"link": 10, "user": 2, "title": "\uc138\uc778\ud2b8"}}, {"pk": 11, "model": "bookmarks.bookmark", "fields": {"link": 11, "user": 1, "title": "VI cheat sheet"}}, {"pk": 12, "model": "bookmarks.bookmark", "fields": {"link": 12, "user": 1, "title": "\ubd81\ub9c8\ud06c \ube14\ub85c\uadf8"}}, {"pk": 13, "model": "bookmarks.bookmark", "fields": {"link": 13, "user": 1, "title": "\ud398\uc774\uc9c0\ub124\uc774\uc158"}}, {"pk": 14, "model": "bookmarks.bookmark", "fields": {"link": 14, "user": 1, "title": "\ud398\uc774\uc9c0\ub124\uc774\uc158 \ud53d\uc2a4"}}, {"pk": 15, "model": "bookmarks.bookmark", "fields": {"link": 15, "user": 1, "title": "\uc798 \ubaa8\ub974\ub294 \uc2a4\ud0dd\uc624\ubc84\ud50c\ub85c\uc6b0"}}, {"pk": 16, "model": "bookmarks.bookmark", "fields": {"link": 16, "user": 1, "title": "slr"}}, {"pk": 17, "model": "bookmarks.bookmark", "fields": {"link": 17, "user": 1, "title": "8\ud2b8\ub799"}}, {"pk": 1, "model": "bookmarks.sharedbookmark", "fields": {"bookmark": 10, "date": "2014-04-28T05:19:01.424Z", "votes": 3, "users_voted": [1, 2, 6]}}, {"pk": 2, "model": "bookmarks.sharedbookmark", "fields": {"bookmark": 11, "date": "2014-04-29T15:02:25.470Z", "votes": 1, "users_voted": [1]}}, {"pk": 3, "model": "bookmarks.sharedbookmark", "fields": {"bookmark": 4, "date": "2014-04-29T16:40:44.269Z", "votes": 1, "users_voted": [1]}}, {"pk": 4, "model": "bookmarks.sharedbookmark", "fields": {"bookmark": 12, "date": "2014-05-02T07:09:46.259Z", "votes": 1, "users_voted": [1]}}, {"pk": 5, "model": "bookmarks.sharedbookmark", "fields": {"bookmark": 17, "date": "2014-05-03T11:48:15.147Z", "votes": 1, "users_voted": [1]}}, {"pk": 1, "model": "bookmarks.friendship", "fields": {"to_friend": 2, "from_friend": 1}}, {"pk": 2, "model": "bookmarks.friendship", "fields": {"to_friend": 3, "from_friend": 1}}, {"pk": 3, "model": "bookmarks.friendship", "fields": {"to_friend": 1, "from_friend": 2}}, {"pk": 4, "model": "bookmarks.friendship", "fields": {"to_friend": 6, "from_friend": 1}}, {"pk": 5, "model": "bookmarks.friendship", "fields": {"to_friend": 4, "from_friend": 1}}]